{"Asset":[{"_id":"themes/landscape/source/js/script.js","path":"js/script.js","modified":false},{"_id":"themes/landscape/source/css/style.styl","path":"css/style.styl","modified":false},{"_id":"themes/landscape/source/css/fonts/FontAwesome.otf","path":"css/fonts/FontAwesome.otf","modified":false},{"_id":"themes/landscape/source/css/fonts/fontawesome-webfont.eot","path":"css/fonts/fontawesome-webfont.eot","modified":false},{"_id":"themes/landscape/source/css/fonts/fontawesome-webfont.svg","path":"css/fonts/fontawesome-webfont.svg","modified":false},{"_id":"themes/landscape/source/css/fonts/fontawesome-webfont.ttf","path":"css/fonts/fontawesome-webfont.ttf","modified":false},{"_id":"themes/landscape/source/css/fonts/fontawesome-webfont.woff","path":"css/fonts/fontawesome-webfont.woff","modified":false},{"_id":"themes/landscape/source/css/images/banner.jpg","path":"css/images/banner.jpg","modified":false},{"_id":"themes/landscape/source/fancybox/blank.gif","path":"fancybox/blank.gif","modified":false},{"_id":"themes/landscape/source/fancybox/fancybox_loading.gif","path":"fancybox/fancybox_loading.gif","modified":false},{"_id":"themes/landscape/source/fancybox/fancybox_loading@2x.gif","path":"fancybox/fancybox_loading@2x.gif","modified":false},{"_id":"themes/landscape/source/fancybox/fancybox_overlay.png","path":"fancybox/fancybox_overlay.png","modified":false},{"_id":"themes/landscape/source/fancybox/fancybox_sprite.png","path":"fancybox/fancybox_sprite.png","modified":false},{"_id":"themes/landscape/source/fancybox/fancybox_sprite@2x.png","path":"fancybox/fancybox_sprite@2x.png","modified":false},{"_id":"themes/landscape/source/fancybox/jquery.fancybox.css","path":"fancybox/jquery.fancybox.css","modified":false},{"_id":"themes/landscape/source/fancybox/jquery.fancybox.js","path":"fancybox/jquery.fancybox.js","modified":false},{"_id":"themes/landscape/source/fancybox/jquery.fancybox.pack.js","path":"fancybox/jquery.fancybox.pack.js","modified":false},{"_id":"themes/landscape/source/fancybox/helpers/fancybox_buttons.png","path":"fancybox/helpers/fancybox_buttons.png","modified":false},{"_id":"themes/landscape/source/fancybox/helpers/jquery.fancybox-buttons.css","path":"fancybox/helpers/jquery.fancybox-buttons.css","modified":false},{"_id":"themes/landscape/source/fancybox/helpers/jquery.fancybox-buttons.js","path":"fancybox/helpers/jquery.fancybox-buttons.js","modified":false},{"_id":"themes/landscape/source/fancybox/helpers/jquery.fancybox-media.js","path":"fancybox/helpers/jquery.fancybox-media.js","modified":false},{"_id":"themes/landscape/source/fancybox/helpers/jquery.fancybox-thumbs.css","path":"fancybox/helpers/jquery.fancybox-thumbs.css","modified":false},{"_id":"themes/landscape/source/fancybox/helpers/jquery.fancybox-thumbs.js","path":"fancybox/helpers/jquery.fancybox-thumbs.js","modified":false}],"Cache":[{"_id":"scaffolds/draft.md","mtime":1419709292000},{"_id":"scaffolds/page.md","mtime":1419709292000},{"_id":"scaffolds/photo.md","mtime":1419709292000},{"_id":"scaffolds/post.md","mtime":1419709292000},{"_id":"source/_posts/hello-world.md","mtime":1419709292000},{"_id":"themes/landscape/Gruntfile.js","mtime":1419709292000},{"_id":"themes/landscape/LICENSE","mtime":1419709292000},{"_id":"themes/landscape/README.md","mtime":1419709292000},{"_id":"themes/landscape/_config.yml","mtime":1419709292000},{"_id":"themes/landscape/package.json","mtime":1419709292000},{"_id":"themes/landscape/scripts/fancybox.js","mtime":1419709292000},{"_id":"themes/landscape/layout/archive.ejs","mtime":1419709292000},{"_id":"themes/landscape/layout/category.ejs","mtime":1419709292000},{"_id":"themes/landscape/layout/index.ejs","mtime":1419709292000},{"_id":"themes/landscape/layout/layout.ejs","mtime":1419709292000},{"_id":"themes/landscape/layout/page.ejs","mtime":1419709292000},{"_id":"themes/landscape/layout/post.ejs","mtime":1419709292000},{"_id":"themes/landscape/layout/tag.ejs","mtime":1419709292000},{"_id":"themes/landscape/layout/_widget/archive.ejs","mtime":1419709292000},{"_id":"themes/landscape/layout/_widget/category.ejs","mtime":1419709292000},{"_id":"themes/landscape/layout/_widget/recent_posts.ejs","mtime":1419709292000},{"_id":"themes/landscape/layout/_widget/tag.ejs","mtime":1419709292000},{"_id":"themes/landscape/layout/_widget/tagcloud.ejs","mtime":1419709292000},{"_id":"themes/landscape/layout/_partial/after-footer.ejs","mtime":1419709292000},{"_id":"themes/landscape/layout/_partial/archive-post.ejs","mtime":1419709292000},{"_id":"themes/landscape/layout/_partial/archive.ejs","mtime":1419709292000},{"_id":"themes/landscape/layout/_partial/article.ejs","mtime":1419709292000},{"_id":"themes/landscape/layout/_partial/footer.ejs","mtime":1419709292000},{"_id":"themes/landscape/layout/_partial/google-analytics.ejs","mtime":1419709292000},{"_id":"themes/landscape/layout/_partial/head.ejs","mtime":1419709292000},{"_id":"themes/landscape/layout/_partial/header.ejs","mtime":1419709292000},{"_id":"themes/landscape/layout/_partial/mobile-nav.ejs","mtime":1419709292000},{"_id":"themes/landscape/layout/_partial/sidebar.ejs","mtime":1419709292000},{"_id":"themes/landscape/layout/_partial/post/category.ejs","mtime":1419709292000},{"_id":"themes/landscape/layout/_partial/post/date.ejs","mtime":1419709292000},{"_id":"themes/landscape/layout/_partial/post/gallery.ejs","mtime":1419709292000},{"_id":"themes/landscape/layout/_partial/post/nav.ejs","mtime":1419709292000},{"_id":"themes/landscape/layout/_partial/post/tag.ejs","mtime":1419709292000},{"_id":"themes/landscape/layout/_partial/post/title.ejs","mtime":1419709292000},{"_id":"themes/landscape/source/js/script.js","mtime":1419709292000},{"_id":"themes/landscape/source/css/_variables.styl","mtime":1419709292000},{"_id":"themes/landscape/source/css/_extend.styl","mtime":1419709292000},{"_id":"themes/landscape/source/css/style.styl","mtime":1419709292000},{"_id":"themes/landscape/source/css/_partial/archive.styl","mtime":1419709292000},{"_id":"themes/landscape/source/css/_partial/article.styl","mtime":1419709292000},{"_id":"themes/landscape/source/css/_partial/comment.styl","mtime":1419709292000},{"_id":"themes/landscape/source/css/_partial/footer.styl","mtime":1419709292000},{"_id":"themes/landscape/source/css/_partial/header.styl","mtime":1419709292000},{"_id":"themes/landscape/source/css/_partial/highlight.styl","mtime":1419709292000},{"_id":"themes/landscape/source/css/_partial/mobile.styl","mtime":1419709292000},{"_id":"themes/landscape/source/css/_partial/sidebar-aside.styl","mtime":1419709292000},{"_id":"themes/landscape/source/css/_partial/sidebar-bottom.styl","mtime":1419709292000},{"_id":"themes/landscape/source/css/_partial/sidebar.styl","mtime":1419709292000},{"_id":"themes/landscape/source/css/_util/grid.styl","mtime":1419709292000},{"_id":"themes/landscape/source/css/_util/mixin.styl","mtime":1419709292000},{"_id":"themes/landscape/source/css/fonts/FontAwesome.otf","mtime":1419709292000},{"_id":"themes/landscape/source/css/fonts/fontawesome-webfont.eot","mtime":1419709292000},{"_id":"themes/landscape/source/css/fonts/fontawesome-webfont.svg","mtime":1419709292000},{"_id":"themes/landscape/source/css/fonts/fontawesome-webfont.ttf","mtime":1419709292000},{"_id":"themes/landscape/source/css/fonts/fontawesome-webfont.woff","mtime":1419709292000},{"_id":"themes/landscape/source/css/images/banner.jpg","mtime":1419709292000},{"_id":"themes/landscape/source/fancybox/blank.gif","mtime":1419709292000},{"_id":"themes/landscape/source/fancybox/fancybox_loading.gif","mtime":1419709292000},{"_id":"themes/landscape/source/fancybox/fancybox_loading@2x.gif","mtime":1419709292000},{"_id":"themes/landscape/source/fancybox/fancybox_overlay.png","mtime":1419709292000},{"_id":"themes/landscape/source/fancybox/fancybox_sprite.png","mtime":1419709292000},{"_id":"themes/landscape/source/fancybox/fancybox_sprite@2x.png","mtime":1419709292000},{"_id":"themes/landscape/source/fancybox/jquery.fancybox.css","mtime":1419709292000},{"_id":"themes/landscape/source/fancybox/jquery.fancybox.js","mtime":1419709292000},{"_id":"themes/landscape/source/fancybox/jquery.fancybox.pack.js","mtime":1419709292000},{"_id":"themes/landscape/source/fancybox/helpers/fancybox_buttons.png","mtime":1419709292000},{"_id":"themes/landscape/source/fancybox/helpers/jquery.fancybox-buttons.css","mtime":1419709292000},{"_id":"themes/landscape/source/fancybox/helpers/jquery.fancybox-buttons.js","mtime":1419709292000},{"_id":"themes/landscape/source/fancybox/helpers/jquery.fancybox-media.js","mtime":1419709292000},{"_id":"themes/landscape/source/fancybox/helpers/jquery.fancybox-thumbs.css","mtime":1419709292000},{"_id":"themes/landscape/source/fancybox/helpers/jquery.fancybox-thumbs.js","mtime":1419709292000}],"Category":[],"Page":[],"Post":[{"title":"Hello World","content":"<p>Welcome to <a href=\"http://hexo.io/\" target=\"_blank\" rel=\"external\">Hexo</a>! This is your very first post. Check <a href=\"http://hexo.io/docs/\" target=\"_blank\" rel=\"external\">documentation</a> for more info. If you get any problems when using Hexo, you can find the answer in <a href=\"http://hexo.io/docs/troubleshooting.html\" target=\"_blank\" rel=\"external\">trobuleshooting</a> or you can ask me on <a href=\"https://github.com/hexojs/hexo/issues\" target=\"_blank\" rel=\"external\">GitHub</a>.</p>\n<h2 id=\"Quick_Start\">Quick Start</h2>\n<h3 id=\"Create_a_new_post\">Create a new post</h3>\n<figure class=\"highlight bash\"><table><tr><td class=\"gutter\"><pre><div class=\"line\">1</div></pre></td><td class=\"code\"><pre><div class=\"line\">$ hexo new <span class=\"string\">\"My New Post\"</span></div></pre></td></tr></table></figure>\n\n<p>More info: <a href=\"http://hexo.io/docs/writing.html\" target=\"_blank\" rel=\"external\">Writing</a></p>\n<h3 id=\"Run_server\">Run server</h3>\n<figure class=\"highlight bash\"><table><tr><td class=\"gutter\"><pre><div class=\"line\">1</div></pre></td><td class=\"code\"><pre><div class=\"line\">$ hexo server</div></pre></td></tr></table></figure>\n\n<p>More info: <a href=\"http://hexo.io/docs/server.html\" target=\"_blank\" rel=\"external\">Server</a></p>\n<h3 id=\"Generate_static_files\">Generate static files</h3>\n<figure class=\"highlight bash\"><table><tr><td class=\"gutter\"><pre><div class=\"line\">1</div></pre></td><td class=\"code\"><pre><div class=\"line\">$ hexo generate</div></pre></td></tr></table></figure>\n\n<p>More info: <a href=\"http://hexo.io/docs/generating.html\" target=\"_blank\" rel=\"external\">Generating</a></p>\n<h3 id=\"Deploy_to_remote_sites\">Deploy to remote sites</h3>\n<figure class=\"highlight bash\"><table><tr><td class=\"gutter\"><pre><div class=\"line\">1</div></pre></td><td class=\"code\"><pre><div class=\"line\">$ hexo deploy</div></pre></td></tr></table></figure>\n\n<p>More info: <a href=\"http://hexo.io/docs/deployment.html\" target=\"_blank\" rel=\"external\">Deployment</a></p>\n","source":"_posts/hello-world.md","raw":"title: Hello World\n---\nWelcome to [Hexo](http://hexo.io/)! This is your very first post. Check [documentation](http://hexo.io/docs/) for more info. If you get any problems when using Hexo, you can find the answer in [trobuleshooting](http://hexo.io/docs/troubleshooting.html) or you can ask me on [GitHub](https://github.com/hexojs/hexo/issues).\n\n## Quick Start\n\n### Create a new post\n\n``` bash\n$ hexo new \"My New Post\"\n```\n\nMore info: [Writing](http://hexo.io/docs/writing.html)\n\n### Run server\n\n``` bash\n$ hexo server\n```\n\nMore info: [Server](http://hexo.io/docs/server.html)\n\n### Generate static files\n\n``` bash\n$ hexo generate\n```\n\nMore info: [Generating](http://hexo.io/docs/generating.html)\n\n### Deploy to remote sites\n\n``` bash\n$ hexo deploy\n```\n\nMore info: [Deployment](http://hexo.io/docs/deployment.html)","slug":"hello-world","date":1419709292000,"updated":1419709292000,"excerpt":"","_id":"cqszny2iqf7qz81a","categories":[],"tags":[],"comments":true,"layout":"post","photos":[],"link":""}],"Tag":[]}